residue,tot,vdw,int,eel,pol,sas
1,-297.454101872,-1.97242,7.76412,-270.84346,-33.95232,1.549978128
2,-2.107535088,-4.20932,9.77942,-4.59224,-3.613,0.527604912
3,-8.15345512,0.50144,12.24208,-15.3691,-6.74646,1.21858488
4,9.37972568,-4.56524,18.30472,-0.37204,-4.4423,0.45458568
5,-199.105910064,-5.1105,12.93572,-242.16158,34.56768,0.662769936
6,-27.455818176,-3.36438,12.40854,-31.3507,-6.04598,0.896701824
7,-0.680921632,-5.39144,10.6212,-4.81124,-1.14978,0.050338368
8,3.467498672,-4.04616,9.9989,4.24168,-7.35616,0.629238672
9,-27.548241392,-7.51438,13.49688,-34.23472,0.69006,0.013918608
10,-61.17046536,-3.89632,15.70888,7.08616,-81.0379,0.96871464
11,-34.526021936,-6.44636,9.85026,-8.08404,-30.6315,0.785618064
12,-1.685733552,-1.45434,6.78166,-4.11858,-3.05068,0.156206448
13,7.740497296,-0.99398,18.34446,-4.8389,-5.9494,1.178317296
14,-79.596733408,-1.853,18.57134,-84.88068,-12.05554,0.621146592
15,-9.961239424,-3.43272,5.6392,-11.73604,-0.48532,0.053640576
16,-33.03910736,-11.31846,9.79536,-33.01136,1.46226,0.03309264
17,-11.664207984,-3.94392,6.97826,-17.27854,2.57738,0.002612016
18,-5.933,-10.04544,10.06926,-2.82876,-3.12806,0.0
19,-8.023673248,-9.07536,29.881,-33.26452,4.23038,0.204826752
20,-30.66492,-8.66626,11.23986,-35.21154,1.97302,0.0
21,-7.25953184,-10.62058,28.29654,-18.00738,-7.20058,0.27246816
22,-12.230294704,-2.66978,5.83622,-15.39812,-0.09992,0.101305296
23,-59.73833296,-5.43478,15.976,-21.65088,-49.17514,0.54646704
24,-27.158222368,-1.50998,9.59304,38.19066,-74.92406,1.492117632
25,-5.307763152,-1.19658,6.3856,-4.9767,-6.15496,0.634876848
26,-30.196385264,-4.66778,9.81266,9.52074,-45.7466,0.884594736
27,-24.67359656,-2.6805,11.13436,-27.26138,-6.75976,0.89368344
28,-8.893137952,-3.62188,5.01148,-7.37282,-2.91716,0.007242048
29,-72.054384672,-8.8429,19.04446,-79.21928,-3.13162,0.094955328
30,-28.65999304,-9.2785,8.99682,-25.81528,-2.76668,0.20364696
31,-3.5650024,-8.7626,12.80202,-6.98982,-0.61484,0.0002376
32,-194.907143264,-7.62486,13.87966,-171.86538,-30.12084,0.824276736
33,-28.218416704,-5.08992,11.78114,-35.53934,0.06092,0.568783296
34,-27.339535088,-6.3796,11.11124,-29.75086,-2.44508,0.124764912
35,-58.610789776,-3.8558,16.79512,16.9795,-88.89466,0.365050224
36,6.500896672,-1.7565,17.77218,-7.56914,-2.90142,0.955776672
37,-10.997287888,-1.5556,6.14434,-19.79036,3.89758,0.306752112
38,-0.202978656,-4.81582,12.50964,-7.88008,-0.01714,0.000421344
39,2.039183344,-7.90148,19.43262,-8.70346,-0.90536,0.116863344
40,-6.60926,-7.00354,9.59882,-8.74362,-0.46092,0.0
41,-62.900040672,-5.86278,17.3633,14.11084,-89.10654,0.595139328
42,-33.929460432,-3.69376,11.5611,-24.69408,-18.41258,1.309859568
43,-7.968735216,-3.82708,7.3394,-8.8593,-2.80324,0.181484784
44,-8.466027584,-2.10738,6.23904,-11.8126,-1.05586,0.270772416
45,-26.702502432,-7.55178,10.34756,-27.63026,-1.87128,0.003257568
46,-24.033047424,-3.54728,10.78618,-31.71362,-0.43176,0.873432576
47,-1.650030576,-3.4177,6.9898,3.2391,-8.871,0.409769424
48,-10.343159216,-2.64552,6.12036,-11.02826,-3.00222,0.212480784
49,-61.946813232,-8.5312,12.07282,15.991,-81.49132,0.011886768
50,-199.852704,-8.72356,13.28316,-190.95074,-13.8972,0.435636
51,-29.47284,-8.89924,12.84126,-33.0101,-0.40476,0.0
52,-26.666046032,-6.51238,12.5386,-32.5522,-0.20218,0.062113968
53,-69.31902288,-7.85134,15.43898,-4.50906,-72.7243,0.32669712
54,-23.83052616,-7.04974,11.3057,-25.78224,-2.30446,0.00021384
55,-83.796167952,-4.7199,17.28486,-89.30162,-7.44538,0.385872048
56,-10.274790672,-2.10132,6.0366,-7.90932,-6.6339,0.333149328
57,-69.859013232,-3.53088,13.78486,-8.02596,-72.78562,0.698586768
58,-80.77846568,-4.97218,20.36166,-92.80358,-3.93056,0.56619432
59,-25.1777,-6.76188,12.88652,-31.8336,0.53126,0.0
60,-66.448322784,-5.25202,16.73944,-40.8435,-37.4844,0.392157216
61,-33.352707072,-1.82096,9.48468,10.20402,-52.5436,1.323152928
62,-75.243406272,-4.5833,15.78786,-50.12592,-36.62236,0.300313728
63,-24.355151168,-3.89972,14.65254,-26.1105,-9.5514,0.553928832
64,-2.01699016,-10.82,30.86236,-12.31544,-9.83002,0.08610984
65,-68.62980312,-4.43144,21.04096,-76.04016,-9.85406,0.65489688
66,-68.833935728,-6.28786,20.94478,-72.97224,-11.19464,0.676024272
67,-23.07176,-7.0416,12.669,-27.47632,-1.22284,0.0
68,-25.68844288,-5.869,13.14406,-30.12212,-2.88386,0.04247712
69,-2.403956848,-4.35438,14.44342,-7.33582,-5.56036,0.403183152
70,-201.347379808,-7.45062,14.09236,-202.90136,-5.73618,0.648420192
71,-4.359846816,-7.78212,13.78604,-9.06368,-1.30362,0.003533184
72,-198.444420768,-3.1497,12.7821,-155.21956,-54.25562,1.398359232
73,-6.630174496,-1.96128,8.4013,-10.5637,-3.06994,0.563445504
74,0.911442704,-3.51594,8.72854,-1.33956,-3.04598,0.084382704
75,-18.064325024,-1.36306,12.6258,-24.24424,-6.1308,1.047974976
76,-81.447114512,-2.69396,19.18088,-80.34614,-18.44652,0.858625488
77,-0.891727952,-3.23442,7.49748,-4.0241,-1.49676,0.366072048
78,-18.6712716,-7.48348,11.15514,-20.50164,-1.84154,0.0002484
79,-197.976753376,-6.93806,12.57782,-179.96552,-24.5069,0.855906624
80,-31.5947592,-7.61326,11.16646,-35.10474,-0.04458,0.0013608
81,-27.774462816,-7.10884,13.64454,-35.64644,1.0968,0.239477184
82,-26.61978,-6.62164,11.97994,-32.66596,0.68788,0.0
83,-26.127134848,-5.01056,11.36812,-31.9382,-0.77542,0.228925152
84,-59.780134304,-3.9055,14.01566,12.8299,-83.10244,0.382245696
85,2.885736896,-3.74226,18.04088,-4.45288,-7.5845,0.624496896
86,-66.91190416,-2.24076,14.62466,-3.01596,-77.01174,0.73189584
87,-28.104986752,-1.95618,13.21458,-31.24146,-8.68894,0.567013248
88,-71.287995712,0.14982,12.78906,-13.83574,-71.3361,0.944964288
89,-65.716674432,-1.4714,14.98468,23.25038,-103.48144,1.001105568
90,-57.748495968,-1.39148,19.66448,-66.6574,-10.61582,1.251724032
91,-97.256595616,0.05554,8.3466,-5.40102,-101.74118,1.483464384
92,-156.060054304,-0.70654,11.3409,-81.63794,-86.14072,1.084245696
93,-26.154917424,-3.46454,9.10954,51.59424,-84.54614,1.151982576
94,-25.497186448,-2.85302,10.76644,-33.4698,-0.4956,0.554793552
95,-32.118964656,-3.91972,14.85688,-43.36326,-0.0132,0.320335344
96,-60.1848596,-5.0057,16.73136,16.18448,-88.70606,0.6110604
97,-102.488739984,-7.7395,9.48876,-30.4631,-74.03844,0.263540016